letter,name_ar,name_translit,translit,makhraj_en,makhraj_ar,sifat,sifat_ar,ibn_jinni_note,ibn_jinni_note_ar,confidence
ء,الهمزة,hamza,ʾ,glottis (aqsa al-halq),أقصى الحلق,shadida; mahmusa/majhura (debated); mustafila; munfatiha,شديدة; مهموسة/مجهورة (مختلف فيها); مستفلة; منفتحة,"A hard glottal stop: the air is blocked then released sharply, imitating a sudden start or interruption.",وقفة حنجرية شديدة: يُحبَس الهواء ثم يُطلَق فجأةً، فيحاكي البدء المفاجئ أو الانقطاع,summary
ب,الباء,ba',b,the two lips (shafatan),الشفتان,shadida; majhura; mustafila; munfatiha; qalqala,شديدة; مجهورة; مستفلة; منفتحة; قلقلة,"The lips seal and hold air/pressure, then burst — gesture of enclosing and then releasing what is contained.",تنطبق الشفتان فتحبسان الهواء ثم تنفرجان — إشارةٌ إلى احتواء ما بالداخل ثم إطلاقه,high
ت,التاء,ta',t,tip of tongue against upper front teeth roots,طرف اللسان وأصول الثنايا,shadida; mahmusa; mustafila; munfatiha,شديدة; مهموسة; مستفلة; منفتحة,"A light unvoiced stop — a small, clean terminal tap, hence a sense of gentle finishing.",وقفة مهموسة خفيفة — نقرةٌ ختامية صغيرة نظيفة، فمعنى الإنهاء اللطيف,summary
ث,الثاء,tha',ṯ,tip of tongue with edges of upper front teeth,طرف اللسان وأطراف الثنايا,rikhwa; mahmusa; mustafila; munfatiha,رخوة; مهموسة; مستفلة; منفتحة,"Continuous escape of breath between tongue and teeth — a spreading, leaking-out gesture.",خروجٌ مستمرّ للنَّفَس بين اللسان والأسنان — إشارةُ انتشارٍ وتسرّب,high
ج,الجيم,jim,j,middle of tongue against hard palate (wasat al-lisan),وسط اللسان مع وسط الحنك,shadida; majhura; mustafila; munfatiha; qalqala,شديدة; مجهورة; مستفلة; منفتحة; قلقلة,"A compressed, plosive body of sound formed mid-mouth — evokes a compact, embodied lump.",صوتٌ انفجاريّ مضغوط يتكوّن وسط الفم — يوحي بكتلةٍ مندمجة متجسّدة,summary
ح,الحاء,ha',ḥ,middle of the throat (wasat al-halq),وسط الحلق,rikhwa; mahmusa; mustafila; munfatiha,رخوة; مهموسة; مستفلة; منفتحة,"A warm, breathy pharyngeal friction — like the exhaled 'ahh' on touching something hot; carries heat and living warmth.",احتكاكٌ حلقيّ دافئ نَفَسيّ — كالزفير «أح» عند لمس الحارّ؛ يحمل الحرارة والدفء الحيّ,verified
خ,الخاء,kha',ḫ,nearest part of the throat to the mouth (adna al-halq),أدنى الحلق,rikhwa; mahmusa; musta'liya; munfatiha,رخوة; مهموسة; مستعلية; منفتحة,"A rough, scraping velar friction — the reflexive 'akhkh' of revulsion; evokes coarse, repugnant, hollow things.",احتكاكٌ حلقيّ خشن كاشط — «أخّ» الانعكاسية للتقزّز؛ يوحي بالأشياء الخشنة الكريهة الجوفاء,verified
د,الدال,dal,d,tip of tongue against upper front teeth roots,طرف اللسان وأصول الثنايا,shadida; majhura; mustafila; munfatiha; qalqala,شديدة; مجهورة; مستفلة; منفتحة; قلقلة,"A voiced, forceful stop with qalqala — a firm knock, hence striking and pushing.",وقفة مجهورة قوية مع قلقلة — طرقةٌ حازمة، فمعنى الضرب والدفع,summary
ذ,الذال,dhal,ḏ,tip of tongue with edges of upper front teeth,طرف اللسان وأطراف الثنايا,rikhwa; majhura; mustafila; munfatiha,رخوة; مجهورة; مستفلة; منفتحة,A voiced continuant leaking between tongue and teeth — a smooth passing-through and spreading.,مستمرٌّ مجهور يتسرّب بين اللسان والأسنان — نفاذٌ سلس وانتشار,summary
ر,الراء,ra',r,tip of tongue near the gum ridge (with slight backing),طرف اللسان مع ما يليه من اللثة,mutawassita (bayniyya); majhura; mustafila; munfatiha; takrir,متوسطة (بينية); مجهورة; مستفلة; منفتحة; تكرير,"The only letter with takrir (a trilled repetition of the tongue) — its very articulation repeats, so it carries recurrence and movement.",الحرف الوحيد ذو التكرير (ترديد اللسان المرتعش) — نطقه نفسه يتكرّر، فيحمل المعاودة والحركة,high
ز,الزاي,zay,z,tip of tongue against lower front teeth (sibilant),طرف اللسان وفويق الثنايا السفلى,rikhwa; majhura; mustafila; munfatiha; safir,رخوة; مجهورة; مستفلة; منفتحة; صفير,"A voiced whistling sibilant (safir) — the audible buzz imitates a fine, sliding vibration.",صفيرٌ مجهور — الأزيز المسموع يحاكي اهتزازًا منزلقًا دقيقًا,summary
س,السين,sin,s,tip of tongue against lower front teeth (sibilant),طرف اللسان وفويق الثنايا السفلى,rikhwa; mahmusa; mustafila; munfatiha; safir,رخوة; مهموسة; مستفلة; منفتحة; صفير,"A soft, sustained hiss — breath flows continuously, evoking smooth, quiet, extended movement.",هسهسةٌ ناعمة ممتدّة — يجري النَّفَس باستمرار، فيوحي بحركةٍ ناعمة هادئة ممتدّة,high
ش,الشين,shin,š,middle of tongue against hard palate,وسط اللسان مع وسط الحنك,rikhwa; mahmusa; mustafila; munfatiha; tafashshi,رخوة; مهموسة; مستفلة; منفتحة; تفشٍّ,"Uniquely carries tafashshi (the breath spreads in the mouth) — its articulation literally scatters, hence dispersion.",يتفرّد بالتفشّي (انتشار النَّفَس في الفم) — نطقه يتبعثر حرفيًّا، فمعنى التفرّق,high
ص,الصاد,sad,ṣ,tip of tongue against lower front teeth (emphatic sibilant),طرف اللسان وفويق الثنايا السفلى,rikhwa; mahmusa; musta'liya; mutbaqa; safir,رخوة; مهموسة; مستعلية; مطبقة; صفير,"An emphatic (mutbaq) sibilant — the tongue vaults and the sound thickens, evoking hard, heavy, resistant matter.",صفيرٌ مطبَق — يرتفع اللسان ويثقُل الصوت، فيوحي بالمادّة الصلبة الثقيلة المقاومة,summary
ض,الضاد,dad,ḍ,edge of tongue against upper molars,حافة اللسان مع الأضراس,rikhwa; majhura; musta'liya; mutbaqa; istitala,رخوة; مجهورة; مستعلية; مطبقة; استطالة,"Emphatic with istitala (the sound extends along the tongue's edge) — a strong, pressing, spreading force.",مطبَقٌ مع استطالة (امتداد الصوت على حافّة اللسان) — قوةٌ ضاغطة منتشرة,summary
ط,الطاء,ta',ṭ,tip of tongue against upper front teeth roots (emphatic),طرف اللسان وأصول الثنايا,shadida; majhura; musta'liya; mutbaqa; qalqala,شديدة; مجهورة; مستعلية; مطبقة; قلقلة,"An emphatic voiced stop — a heavy, expansive strike, force spread over a surface.",وقفة مجهورة مطبقة — ضربةٌ ثقيلة ممتدّة، قوةٌ منبسطة على سطح,summary
ظ,الظاء,za',ẓ,tip of tongue with edges of upper front teeth (emphatic),طرف اللسان وأطراف الثنايا,rikhwa; majhura; musta'liya; mutbaqa,رخوة; مجهورة; مستعلية; مطبقة,"Emphatic voiced continuant — a thick, protruding sound, hence conspicuous, forceful showing.",مستمرٌّ مجهور مطبَق — صوتٌ غليظ بارز، فمعنى الإظهار القويّ,summary
ع,العين,'ayn,ʿ,middle of the throat (wasat al-halq),وسط الحلق,mutawassita (bayniyya); majhura; mustafila; munfatiha,متوسطة (بينية); مجهورة; مستفلة; منفتحة,"A deep pharyngeal voicing from the middle of the throat — the sound rises from the depths, evoking depth and wide extent.",جهرٌ حلقيّ عميق من وسط الحلق — يرتفع الصوت من الأعماق، فيوحي بالعمق والاتساع,high
غ,الغين,ghayn,ġ,nearest part of the throat to the mouth (adna al-halq),أدنى الحلق,rikhwa; majhura; musta'liya; munfatiha,رخوة; مجهورة; مستعلية; منفتحة,"A muffled, gargling velar friction — the sound is 'covered', evoking what is hidden, veiled, absent.",احتكاكٌ حلقيّ مكتوم كالغرغرة — الصوت «مُغطّى»، فيوحي بالمخفيّ المحجوب الغائب,high
ف,الفاء,fa',f,inner lower lip against upper front teeth,باطن الشفة السفلى مع الثنايا,rikhwa; mahmusa; mustafila; munfatiha,رخوة; مهموسة; مستفلة; منفتحة,"Breath forced out between lip and teeth — a puff outward, hence expelling, splitting and escaping.",يُدفَع النَّفَس بين الشفة والأسنان — نفخةٌ إلى الخارج، فمعنى الطرد والفصل والفرار,summary
ق,القاف,qaf,q,deepest part of the tongue against the soft palate,أقصى اللسان مع الحنك اللين,shadida; majhura; musta'liya; munfatiha; qalqala,شديدة; مجهورة; مستعلية; منفتحة; قلقلة,"A deep, hard, explosive stop from the back of the tongue — a powerful, decisive strike or cut.",وقفةٌ عميقة شديدة انفجارية من أقصى اللسان — ضربةٌ قويّة حاسمة أو قطع,high
ك,الكاف,kaf,k,back of tongue against the palate (below qaf),أقصى اللسان أسفل من مخرج القاف,shadida; mahmusa; mustafila; munfatiha,شديدة; مهموسة; مستفلة; منفتحة,"An unvoiced back stop, softer than qaf — a rubbing, restraining contact rather than a full strike.",وقفةٌ خلفية مهموسة، أرقّ من القاف — تماسٌّ دالكٌ كابح لا ضربةٌ كاملة,summary
ل,اللام,lam,l,tip/edge of tongue against the gum ridge,حافة اللسان مع ما يحاذيها من اللثة,mutawassita (bayniyya); majhura; mustafila; munfatiha; inhiraf,متوسطة (بينية); مجهورة; مستفلة; منفتحة; انحراف,"A liquid, gliding sound with inhiraf (the airflow deviates around the tongue) — smooth, soft, adhering.",صوتٌ مائع منزلق مع انحراف (ينحرف الهواء حول اللسان) — ناعمٌ ليّن ملتصق,summary
م,الميم,mim,m,"the two lips, with nasal resonance (ghunna)",الشفتان مع الغنة,mutawassita (bayniyya); majhura; mustafila; munfatiha; ghunna,متوسطة (بينية); مجهورة; مستفلة; منفتحة; غنّة,The lips close fully while sound resonates within (ghunna) — a gesture of gathering and containing inside.,تنطبق الشفتان تمامًا والصوت يرنّ في الداخل (غنّة) — إشارةُ جمعٍ واحتواءٍ في الداخل,high
ن,النون,nun,n,"tip of tongue against the gum ridge, with nasal resonance (ghunna)",طرف اللسان مع الغنة,mutawassita (bayniyya); majhura; mustafila; munfatiha; ghunna,متوسطة (بينية); مجهورة; مستفلة; منفتحة; غنّة,"A nasal resonance held inside — a soft, inward hum, evoking subtle interiority and gentle sound.",رنينٌ أنفيّ محبوس في الداخل — همهمةٌ ناعمة باطنيّة، توحي بالباطن الدقيق والصوت اللطيف,summary
ه,الهاء,ha',h,glottis / deepest throat (aqsa al-halq),أقصى الحلق,rikhwa; mahmusa; mustafila; munfatiha,رخوة; مهموسة; مستفلة; منفتحة,"A pure exhaled breath with no obstruction — the lightest, emptiest sound, evoking faintness and release of air.",نَفَسٌ مزفور خالص بلا اعتراض — أخفّ الأصوات وأفرغها، يوحي بالخفوت وإطلاق الهواء,summary
و,الواو,waw,w,"the two lips (rounded, without full closure)",الشفتان (حرف علة),rikhwa/madd; majhura; mustafila; munfatiha; lin,رخوة/مدّ; مجهورة; مستفلة; منفتحة; لين,"A rounded, prolonged glide — the lips open into a wide, connecting flow, evoking linkage and extension.",انزلاقٌ مدوّر ممدود — تنفتح الشفتان في جريانٍ واسع واصل، يوحي بالربط والامتداد,summary
ي,الياء,ya',y,middle of tongue against hard palate (glide),وسط اللسان (حرف علة),rikhwa/madd; majhura; mustafila; munfatiha; lin,رخوة/مدّ; مجهورة; مستفلة; منفتحة; لين,"A high, soft palatal glide — thin and gentle, evoking fineness, closeness and light extension.",انزلاقٌ حنكيّ عالٍ ناعم — رقيقٌ لطيف، يوحي بالدقّة والقرب والامتداد الخفيف,summary
