row,label_as_printed,text_as_printed,text,status,reading_note
0,ء,صوت خفيف يدل على ظهورمتوقف. وهوجزء من صوت(آ),صوت خفيف يدل على ظهور متوقف. وهو جزء من صوت (آ),transcribed_from_poster,
1,ب,صوت يدل على جمع مستقر,صوت يدل على جمع مستقر,transcribed_from_poster,
2,ت,صوت يدل على دفع خفيف متوقف.,صوت يدل على دفع خفيف متوقف.,transcribed_from_poster,
3,ث,صوت يدل على دفع خفيف ملتصق.,صوت يدل على دفع خفيف ملتصق.,transcribed_from_poster,
4,ج,صوت يدل على جهد أوشدة.,صوت يدل على جهد أو شدة.,transcribed_from_poster,
5,ح,صوت يدل على تأرجح شديد منضبط، أوسعة محددة.,صوت يدل على تأرجح شديد منضبط، أو سعة محددة.,transcribed_from_poster,
6,خ,صوت يدل على رخاوة أوطراوة.,صوت يدل على رخاوة أو طراوة.,transcribed_from_poster,
7,د,صوت يدل على دفع شديد متوقف.,صوت يدل على دفع شديد متوقف.,transcribed_from_poster,
8,ذ,صوت يدل على دفع وسط ملتصق.,صوت يدل على دفع وسط ملتصق.,transcribed_from_poster,
9,ر,صوت يدل على تكرار.,صوت يدل على تكرار.,transcribed_from_poster,
10,ز,صوت يدل على بروز متصل.,صوت يدل على بروز متصل.,transcribed_from_poster,
11,س,صوت يدل على حركة متصلة حرة.,صوت يدل على حركة متصلة حرة.,transcribed_from_poster,
12,ش,صوت يدل على انتشار وتفش.,صوت يدل على انتشار وتفش.,transcribed_from_poster,"A small mark sits below the line under ش; at this resolution it cannot be told apart as a kasra/tanween or a mark belonging to row 13, so nothing is transcribed for it. No shadda is visible."
13,ص,صوت يدل على حركة متصلة محددة.,صوت يدل على حركة متصلة محددة.,transcribed_from_poster,
14,ض,صوت يدل على دفع شديد جداً، متوقف.,صوت يدل على دفع شديد جداً، متوقف.,transcribed_from_poster,
15,ط,صوت يدل على دفع وسط متوقف.,صوت يدل على دفع وسط متوقف.,transcribed_from_poster,
16,ظ,صوت يدل على دفع شديد ملتصق.,صوت يدل على دفع شديد ملتصق.,transcribed_from_poster,
17,ع,صوت يدل على عمق أو بُعد في الشيء.,صوت يدل على عمق أو بُعد في الشيء.,transcribed_from_poster,
18,غ,صوت يدل على غموض، أو غياب.,صوت يدل على غموض، أو غياب.,transcribed_from_poster,
19,ف,صوت يدل على فتح خفيف منضم.,صوت يدل على فتح خفيف منضم.,transcribed_from_poster,
20,ق,صوت يدل على قطع، أو وقف شديد.,صوت يدل على قطع، أو وقف شديد.,transcribed_from_poster,
21,ك,صوت يدل على وقف، أو ضغط خفيف.,صوت يدل على وقف، أو ضغط خفيف.,transcribed_from_poster,
22,ل,صوت يدل على حركة ثقيلة متصلة لازمة.,صوت يدل على حركة ثقيلة متصلة لازمة.,transcribed_from_poster,
23,م,صوت يدل على جمع متصل.,صوت يدل على جمع متصل.,transcribed_from_poster,
24,ن,صوت يدل على ستر، أو اختباء.,صوت يدل على ستر، أو اختباء.,transcribed_from_poster,
25,هـ,صوت يدل على تأرجح خفيف منضبط.,صوت يدل على تأرجح خفيف منضبط.,transcribed_from_poster,
26,آ - ى,صوت يدل على إثارة و امتداد في الزمان والمكان.,صوت يدل على إثارة وامتداد في الزمان والمكان.,transcribed_from_poster,
27,و,صوت يدل على ضم ممتد مكانياً.,صوت يدل على ضم ممتد مكانياً.,transcribed_from_poster,
28,ي,صوت يدل على جهد ممتد زمانياً .,صوت يدل على جهد ممتد زمانياً.,transcribed_from_poster,
