letter,sense_id,gloss_ar,pole,axes,position,position_kind,gesture_ar,source,page,confidence
ء,huduur,الحضور والوضوح والعيانية وصورة البروز,neutral,zuhur,any,,انحباسُ الصوت في أقصى الحلق ثم انفجارُه,حسن عباس، خصائص الحروف العربية ومعانيها,94-95,verified
ء,nutu,البروز والنتوء والحضور في أول اللفظة,neutral,zuhur,initial,dominant,انفجارُ الحلق في مبدأ النطق,حسن عباس، خصائص الحروف العربية ومعانيها,94-95,high
ب,hafr-qat,الحفر والشق والقطع والشدة، والبعثرة والتبديد,neutral,hafr;qat;quwwa;tabdid,any,,انطباقُ الشفتين ثم انفراجُهما بانفجار,حسن عباس، خصائص الحروف العربية ومعانيها,100-102,verified
ب,inbithaq,الانبثاق والظهور والسيلان,neutral,infitah;zuhur,initial,dominant,انفراجُ الشفتين في مبدأ اللفظة,حسن عباس، خصائص الحروف العربية ومعانيها,100-102,high
ب,dakhama,الاتساع والضخامة والارتفاع (الباء الممدودة),neutral,sia;fakhama;suud,any,,مدُّ الصوت بعد انفراج الشفتين,حسن عباس، خصائص الحروف العربية ومعانيها,100-102,high
ت,riqqa-daf,الرقة والضعف والتفاهة مع الطراوة والليونة,neutral,atf;daf,any,,نقرٌ خفيفٌ مهموس بطرف اللسان على الثنايا,حسن عباس، خصائص الحروف العربية ومعانيها,55-59,verified
ث,budhudha,الرقة والبضاضة والطراوة والدفء,positive,atf;unutha;harara,any,,حفيفٌ رقيقٌ بين طرف اللسان وأطراف الثنايا,حسن عباس، خصائص الحروف العربية ومعانيها,59-65,verified
ث,unutha-final,خصائص الرقة واللين ومتعلقات الأنوثة في أواخر الألفاظ,positive,atf;unutha,final,dominant,حفيفٌ لثغيٌّ مسترخٍ في آخر اللفظة,حسن عباس، خصائص الحروف العربية ومعانيها,59-65,high
ج,azama,الفخامة والعظم والامتلاء، والشدة والقوة والدفء,neutral,fakhama;imtila;quwwa;harara,any,,التصاقُ وسط اللسان بالحنك ثم إطلاقُه معطَّشاً,حسن عباس، خصائص الحروف العربية ومعانيها,103-109,verified
ح,atifa,أغنى الأصوات عاطفةً وأشدُّها حرارةً؛ الرقة والشفافية والعذوبة,positive,atifa;harara;atf;tib,any,,احتكاكٌ دافئٌ في وسط الحلق كالزفير,حسن عباس، خصائص الحروف العربية ومعانيها,180-189,verified
ح,safa-initial,الرقة والصفاء والكياسة والجمال مع الشدة والقطع,positive,atf;tib;qat,initial,dominant,احتكاكٌ حلقيٌّ مشدودٌ في مبدأ اللفظة,حسن عباس، خصائص الحروف العربية ومعانيها,180-189,high
ح,masha,المشاعر الإنسانية والرقة والصفاء مع الحرارة والميل,positive,atifa;atf;harara;mayl,medial;final,dominant,احتكاكٌ حلقيٌّ مسترخٍ في وسط اللفظة وآخرها,حسن عباس، خصائص الحروف العربية ومعانيها,180-189,high
خ,khissa,الرداءة والخسة والقذارة والبشاعة والعيوب النفسية والجسدية,negative,khubth;khushuna;khawa;uyub,any,,احتكاكٌ خشنٌ كاشطٌ مخنخنٌ في أدنى الحلق,حسن عباس، خصائص الحروف العربية ومعانيها,173-179,verified
خ,shadkh,القطع والشدخ (الخاء المشددة غير المخنخنة),neutral,qat;quwwa,any,,احتكاكٌ حلقيٌّ مشدَّدٌ بلا خنخنة,حسن عباس، خصائص الحروف العربية ومعانيها,173-179,high
خ,riqqa,الرقة والنضارة (الخاء المرققة بلا خنخنة),positive,atf;nadara,any,,احتكاكٌ حلقيٌّ مرقَّقٌ بلا خنخنة,حسن عباس، خصائص الحروف العربية ومعانيها,173-179,high
د,salaba,الصلابة والقساوة والشدة والفعالية والتحطيم,neutral,qaswa;quwwa;qat,any,,انحباسٌ أصمُّ مغلقٌ عند أصول الثنايا ثم انفجار,حسن عباس، خصائص الحروف العربية ومعانيها,67-69,verified
ذ,dhukura,الذكورة: توتر الصوت وخشونة الملمس وشدة الظهور، والاهتزاز والبعثرة والقطع,neutral,dhukura;khushuna;harara;haraka;tabdid;qat,any,,حفيفٌ مجهورٌ متوترٌ بين اللسان والثنايا,حسن عباس، خصائص الحروف العربية ومعانيها,65-67,verified
ر,haraka,التحرك والتكرار والترجيع,neutral,haraka;takrar,any,,ترديدُ طرف اللسان المرتعش (التكرير),حسن عباس، خصائص الحروف العربية ومعانيها,83-92,verified
ر,thabat-initial,الثبات والاستقرار والضمّ والإقامة في بدايات المصادر,neutral,thabat;damm,initial,dominant,ترديدٌ محبوسٌ في مبدأ اللفظة,حسن عباس، خصائص الحروف العربية ومعانيها,83-92,high
ر,haraka-final,انتهاء الأحداث بحركة في أواخر المصادر,neutral,haraka,final,dominant,ترديدٌ منطلقٌ في آخر اللفظة,حسن عباس، خصائص الحروف العربية ومعانيها,83-92,high
ر,satr,الستر والاختفاء (عشرةُ مصادرَ تناقض خاصية الظهور),neutral,satr;ghumud,any,,ترديدٌ خافتٌ لا ينفتح به الصوت,حسن عباس، خصائص الحروف العربية ومعانيها,83-92,summary
ر,dhawq,المطاعم الحلوة المذاق والحارة,neutral,dhawq,any,,حركةُ اللسان في الفم كحركته في المضغ,حسن عباس، خصائص الحروف العربية ومعانيها,83-92,summary
ز,hidda,الحدّة والشدة والفعالية؛ الاضطراب والاهتزاز أو البعثرة والانزلاق,neutral,quwwa;haraka;tabdid;nuuma,any,,صفيرٌ مجهورٌ حادٌّ بين طرف اللسان والثنايا,حسن عباس، خصائص الحروف العربية ومعانيها,138-141,verified
س,numuma,النعومة والملاسة، والانزلاق والامتداد، والصفير,neutral,nuuma;imtidad;sawt;sia,any,,صفيرٌ مهموسٌ متماسكٌ ينساب بلا انقطاع,حسن عباس، خصائص الحروف العربية ومعانيها,110-113,verified
س,talab-initial,التحرك والمسير والطلب والبسط,neutral,haraka;talab;sia,initial,dominant,انسيابُ النفس في مبدأ اللفظة,حسن عباس، خصائص الحروف العربية ومعانيها,110-113,high
س,khafa-final,الخفاء والاستقرار والضعف والرقة,neutral,satr;thabat;daf;atf,final,dominant,صفيرٌ خافتٌ مسترخٍ في آخر اللفظة,حسن عباس، خصائص الحروف العربية ومعانيها,110-113,high
ش,tafashshi,البعثرة والانتشار والتخليط، مع الجفاف والتقبض,neutral,tabdid;diq,any,,تفشِّي النفس وانتشارُه في الفم,حسن عباس، خصائص الحروف العربية ومعانيها,114-118,verified
ص,safa,الصفاء والنقاء وذكاء المعنى، والشدة والصلابة والقوة، ومحاكاة الأصوات,positive,tib;quwwa;qaswa;sawt,any,,صفيرٌ مفخَّمٌ صلبٌ مطبقٌ,حسن عباس، خصائص الحروف العربية ومعانيها,148-152,verified
ض,fakhama,الصلابة والشدة والدفء، والفخامة والضخامة والامتلاء، والضجيج,neutral,qaswa;quwwa;harara;fakhama;sia;imtila;sawt,any,,إطباقُ حافة اللسان على الأضراس مع تفخيم,حسن عباس، خصائص الحروف العربية ومعانيها,153-158,verified
ط,dakhama,الضخامة والعلو والاتساع دونما شدة أو قساوة، مع المرونة والتكور,neutral,sia;suud;fakhama;atf;iwaj,any,,إطباقٌ شديدٌ مهموسٌ ثم انفراج,حسن عباس، خصائص الحروف العربية ومعانيها,119-121,verified
ظ,fakhama,الفخامة والنضارة والأناقة والظهور,positive,fakhama;nadara;zuhur,any,,حفيفٌ مجهورٌ مفخَّمٌ مطبقٌ,حسن عباس، خصائص الحروف العربية ومعانيها,122-124,verified
ظ,shidda,الشدة والقساوة والامتلاء,neutral,qaswa;quwwa;imtila,any,,إطباقٌ مفخَّمٌ متمكِّنٌ من مخرجه,حسن عباس، خصائص الحروف العربية ومعانيها,122-124,high
ظ,zuhur-final,الشدة والامتلاء والظهور والفخامة في أواخر الألفاظ,neutral,quwwa;imtila;zuhur;fakhama,final,dominant,إطباقٌ مفخَّمٌ ممدودٌ في آخر اللفظة,حسن عباس، خصائص الحروف العربية ومعانيها,122-124,high
ع,sumuw,الشدة والفعالية، أو الظهور والعيانية، مع القوة والصفاء والفخامة والسمو,positive,quwwa;zuhur;tib;fakhama;suud,any,,احتكاكٌ مجهورٌ في وسط الحلق، أرستقراطيُّ الجرس,حسن عباس، خصائص الحروف العربية ومعانيها,204-225,verified
ع,iwaj-final,العظم والظهور والعلو والالتواء والعوج والتمايل,neutral,fakhama;zuhur;suud;iwaj;mayl,final,dominant,احتكاكٌ حلقيٌّ يضعف في آخر اللفظة,حسن عباس، خصائص الحروف العربية ومعانيها,204-225,high
غ,ghumud,الغؤور والغموض والخفاء، مع الاهتزاز والاضطراب والبعثرة,neutral,ghumud;satr;haraka;tabdid,any,,احتكاكٌ مجهورٌ رخوٌ كغبارٍ يتناثر,حسن عباس، خصائص الحروف العربية ومعانيها,125-130,verified
غ,zulma-final,الظلام والسواد والخفاء المادي في أواخر الألفاظ,neutral,zulma;satr,final,dominant,احتكاكٌ خافتٌ مظلمُ الجرس في آخر اللفظة,حسن عباس، خصائص الحروف العربية ومعانيها,125-130,high
ف,tabdid,البعثرة والتشتت، مع ملمسٍ مخمليٍّ دافئ، والضعف والوهن,neutral,tabdid;daf;harara,any,,احتكاكٌ مهموسٌ رقيقٌ بين الشفة والثنايا,حسن عباس، خصائص الحروف العربية ومعانيها,131-136,verified
ف,shaq-initial,الشق والفصل والحفر والقلع والخرق,neutral,qat;hafr,initial,dominant,احتكاكٌ نافذٌ في مبدأ اللفظة,حسن عباس، خصائص الحروف العربية ومعانيها,131-136,high
ف,wahn-final,الرقة والضعف والوهن,neutral,atf;daf,final,dominant,احتكاكٌ خافتٌ مسترخٍ في آخر اللفظة,حسن عباس، خصائص الحروف العربية ومعانيها,131-136,high
ق,qaswa,القساوة والصلابة والشدة، والمفاجأة والمقاومة، وصورةُ الانفجار والانكسار,neutral,qaswa;quwwa;qat;sawt,any,,انحباسٌ شديدٌ في أقصى اللسان ثم انفجار,حسن عباس، خصائص الحروف العربية ومعانيها,142-145,verified
ك,khushuna,الخشونة والحرارة والقوة والفعالية والاحتكاك,neutral,khushuna;harara;quwwa,any,,انحباسٌ مهموسٌ في أقصى اللسان مع احتكاك,حسن عباس، خصائص الحروف العربية ومعانيها,69-71,verified
ل,luyuna,الليونة والمرونة والتماسك والالتصاق,neutral,atf;wasl,any,,التصاقُ طرف اللسان باللثة مع انحرافِ الصوت,حسن عباس، خصائص الحروف العربية ومعانيها,79-82,verified
ل,dhawq,تلاعبُ اللسان في المضغ والتذوق ومتعلقات الأطعمة,neutral,dhawq,any,,تلاعبُ اللسان في الفم,حسن عباس، خصائص الحروف العربية ومعانيها,79-82,summary
م,luyuna,الليونة والمرونة والتماسك مع شيءٍ من الحرارة، والرقة واللين,positive,atf;wasl;harara,any,,انطباقُ الشفتين مع غنّة,حسن عباس، خصائص الحروف العربية ومعانيها,72-78,verified
م,riqqa-initial,الرقة واللين والتوسّع والتمدد في أوائل الألفاظ,positive,atf;sia,initial,dominant,انفراجُ الشفتين بعد الانطباق في مبدأ اللفظة,حسن عباس، خصائص الحروف العربية ومعانيها,72-78,high
م,damm-final,الضمّ والجمع والكسب، وصورةُ السدّ والانغلاق,neutral,damm;sadd,final,dominant,انطباقُ الشفتين انطباقاً تامّاً في آخر اللفظة,حسن عباس، خصائص الحروف العربية ومعانيها,72-78,high
ن,anaqa,الأناقة والرقة والاستكانة (إذا رُقّقت),positive,atf;nadara,any,,غنّةٌ مجهورةٌ مرقَّقةٌ من الخيشوم,حسن عباس، خصائص الحروف العربية ومعانيها,159-168,verified
ن,nufudh,الانبثاق والخروج والنفاذ القسري والدخول (إذا شُدّدت أو تُوتّرت),neutral,infitah,any,,غنّةٌ مشدودةٌ نافذة,حسن عباس، خصائص الحروف العربية ومعانيها,159-168,high
ن,natana,النتانة والخسّة (إذا خُنخنت),negative,khubth,any,,غنّةٌ مخنخنةٌ في الخيشوم,حسن عباس، خصائص الحروف العربية ومعانيها,159-168,high
ن,iqama-final,الإقامة والاستقرار والإحاطة والخفاء,neutral,thabat;damm;satr,final,dominant,غنّةٌ ساكنةٌ محبوسةٌ في آخر اللفظة,حسن عباس، خصائص الحروف العربية ومعانيها,159-168,high
ه,uyub,العيوب النفسية والجسدية والضعة والرداءة، واليأس والبؤس والهجران,negative,uyub;huzn;khubth,any,,نَفَسٌ مخفوتٌ من أقصى الحلق بلا اعتماد,حسن عباس، خصائص الحروف العربية ومعانيها,190-204,verified
ه,idtirab-initial,الاضطراب والاهتزاز والتخريب، والخوف والفزع,negative,haraka;uyub,initial,dominant,نَفَسٌ مشدَّدٌ في مبدأ اللفظة,حسن عباس، خصائص الحروف العربية ومعانيها,190-204,high
و,amam,البعد إلى الأمام والاتجاه إليه، مع الفعالية,neutral,imtidad;quwwa,any,,تدافعُ الهواء في الفم مع استدارة الشفتين,حسن عباس، خصائص الحروف العربية ومعانيها,97,verified
ي,nuzul,الاتجاه العام إلى الأسفل في صورةٍ بصرية,neutral,nuzul,any,,لِينٌ جوفيٌّ ينحدر به الصوت,حسن عباس، خصائص الحروف العربية ومعانيها,98-99,verified
ي,suud-initial,كأنه يصعد من حفرةٍ بمشقة,neutral,suud;hufra,initial,dominant,لِينٌ صاعدٌ بمشقةٍ في مبدأ اللفظة,حسن عباس، خصائص الحروف العربية ومعانيها,98-99,high
ي,hufra-medial,صورةُ المطبّ الهوائي أو الحفرة أو الوادي السحيق,neutral,hufra;nuzul,medial,dominant,لِينٌ منخفضٌ في وسط اللفظة,حسن عباس، خصائص الحروف العربية ومعانيها,98-99,high
ي,hufra-final,صورةُ الحفرة في أواخر الأسماء,neutral,hufra,final,dominant,لِينٌ منحدرٌ في آخر اللفظة,حسن عباس، خصائص الحروف العربية ومعانيها,98-99,high
